<?xml version="1.0" encoding="UTF-8"?>
<plugin-upgrade
        xmlns="http://www.urbancode.com/UpgradeXMLSchema_v1"
        xmlns:xsi="http://www.w3.org/2001/XMLSchema-instance">
		
    <migrate to-version="2">
      <migrate-command name="Export Resource Properties"/>
    </migrate>
	<migrate to-version="3">
      <migrate-command name="Read Properties From Property File"/>
    </migrate>	
	<migrate to-version="4">
      <migrate-command name="Build Property File"/>
    </migrate>
    <migrate to-version="5">
      <migrate-command name="Export Properties From UCD"/>
    </migrate>	
    <migrate to-version="6">
      <migrate-command name="Export Properties From UCD"/>
    </migrate>
	<migrate to-version="7">
      <migrate-command name="Read All Properties From Property File"/>
    </migrate>		
	<migrate to-version="8">
      <migrate-command name="Build Property File"/>
    </migrate>
	
</plugin-upgrade>